"ID","Collection","ENS","Minting Date","Tx Count","Power"
"2346205","0xce14f66177429926126e50f4bcc288b44b245d91","giveus.eth","Thu, 28 Oct 2021 05:03:50 GMT","1","5"
"2346207","0x72ba1965320ab5352fd6d68235cc3c5306a6ffa2","nanexcool.eth","Thu, 28 Oct 2021 05:03:55 GMT","1","193"
"2346210","0x706d961ab69d54a0fcbaa13e77842279a5724139","857857.eth","Thu, 28 Oct 2021 05:05:35 GMT","1","454"
"2346211","0xd7b30d0ebc9cea5d6b595f6e78e8d5d3b661b0b6","","Thu, 28 Oct 2021 05:06:10 GMT","1","4"
"2346212","0x1a207beefc754735871ceeb4c506686f044b1c41","ethmemes.eth","Thu, 28 Oct 2021 05:06:10 GMT","1","42"
"2346215","0x2d815240a61731c75fa01b2793e1d3ed09f289d0","","Thu, 28 Oct 2021 05:06:50 GMT","1","3"
"2346219","0x37e943202b294f2bc10ae7e9a46e650ee213f1ae","letsdecentralize.eth","Thu, 28 Oct 2021 05:07:35 GMT","1","1"
"2346222","0x4cb780fd3286f2d10199b61423d1c804bd2a5d2b","terransforce.eth","Thu, 28 Oct 2021 05:07:55 GMT","1","973"
"2346223","0xb123e0f41b1aa163bf274d0178b22f7f6dbcddbb","","Thu, 28 Oct 2021 05:08:00 GMT","1","698"
"2346224","0xfb64df081266b41f62af73562c274a42c020bb81","","Thu, 28 Oct 2021 05:08:10 GMT","1","219"
"2346226","0x2b1a1da8167b43bfecd63bc3e4f22ad032f53b76","","Thu, 28 Oct 2021 05:09:15 GMT","1","1"
"2346227","0x6f1b12a415e035eebdc8559130ea8bdb96add48c","pratik.eth","Thu, 28 Oct 2021 05:09:25 GMT","1","85"
"2346228","0x6bda0404288459cdc35b95a0162636088dccbee8","poapdao.eth","Thu, 28 Oct 2021 05:09:45 GMT","1","1587"
"2346229","0xe6ce84fb35db1cd9e17016abef2b06f7630f97b2","","Thu, 28 Oct 2021 05:10:00 GMT","1","253"
"2346230","0x0689b5e6ffc85d89f4521129dfe06551d4dc9e2e","zgqkl.eth","Thu, 28 Oct 2021 05:10:07 GMT","1","217"
"2346231","0xce12c582f13ff47951a44d961785f029cd672eaf","billl.eth","Thu, 28 Oct 2021 05:10:07 GMT","1","17"
"2346232","0x819e479f87a6384dcd1c63be221e76b474a581d0","","Thu, 28 Oct 2021 05:10:10 GMT","1","1115"
"2346234","0xefceb798c36479f3ce5710253f4c58593e6cafea","","Thu, 28 Oct 2021 05:10:45 GMT","1","83"
"2346236","0x123cb34636cce955d7dfa64ee1c1072f49d44800","","Thu, 28 Oct 2021 05:11:05 GMT","1","6"
"2346237","0x7ce0448b0fafab6cace981fffa967cf380a2cc33","jameshih.eth","Thu, 28 Oct 2021 05:11:20 GMT","1","23"
"2346238","0x827c4a0cf2bceab2a279648a7e6897f63ad34499","","Thu, 28 Oct 2021 05:11:30 GMT","1","323"
"2346239","0xafd12ad4baf2c15d1770d400811eeda512fd442d","","Thu, 28 Oct 2021 05:11:35 GMT","1","69"
"2346240","0xb2fba7f4384c517e1524846aba89393b3ef42042","","Thu, 28 Oct 2021 05:11:45 GMT","1","28"
"2346244","0x95bbc00a238dbb99f83ca1107deb1a3575de2924","","Thu, 28 Oct 2021 05:12:25 GMT","1","2"
"2346246","0x80cb9f86c6edb7468145316c4b2cc004f25d2a7c","","Thu, 28 Oct 2021 05:13:00 GMT","1","255"
"2346248","0xaa52dec9a41ccbd7791f8e82a86181baf7c8c064","","Thu, 28 Oct 2021 05:13:05 GMT","1","3"
"2346250","0x18a842c315c6a8c54d041c65b0aa2732f50c00da","","Thu, 28 Oct 2021 05:13:25 GMT","1","374"
"2346251","0x8029c4c55afd6f0e93ec080c5041e7e62e21bceb","","Thu, 28 Oct 2021 05:13:30 GMT","1","730"
"2346252","0x1ceaf3e17decfc2b528d5371aedc10465c449591","","Thu, 28 Oct 2021 05:13:40 GMT","1","176"
"2346256","0x67a6076958f88b4944c7281b6fc2e67c76bcb9e2","jackycheung.eth","Thu, 28 Oct 2021 05:14:05 GMT","1","134"
"2346261","0x245978905f810652568dd7d516d19a61031c9884","","Thu, 28 Oct 2021 05:15:15 GMT","1","1"
"2346265","0x93cc449c9b45c1a82d1e65b8b0b629dd4ea88248","alternity.eth","Thu, 28 Oct 2021 05:16:27 GMT","1","651"
"2346275","0x05f114d5a5d786c99b6c5ce2ac9f7a4e3cec5f4c","","Thu, 28 Oct 2021 05:18:40 GMT","1","2"
"2346281","0x8f07bc36ff569312fdc41f3867d80bbd2fe94b76","jacob.willemsma.eth","Thu, 28 Oct 2021 05:18:50 GMT","1","2"
"2346283","0xacf4c2950107ef9b1c37faa1f9a866c8f0da88b9","jamescarnley.eth","Thu, 28 Oct 2021 05:18:55 GMT","1","346"
"2346284","0x5c53fdd9b9877d1037b655a09e6a240b9205ea6e","","Thu, 28 Oct 2021 05:19:15 GMT","1","13"
"2346289","0x6ddde78fbc9562cc5d8f1efbfd0acb6a5878c796","sagiri.eth","Thu, 28 Oct 2021 05:21:12 GMT","1","540"
"2346290","0xf54693a7e8f607cacde42218628faddf91235ef9","","Thu, 28 Oct 2021 05:21:25 GMT","1","1"
"2346291","0x0de33d82c8890d07a479761557c977c56c666666","","Thu, 28 Oct 2021 05:21:35 GMT","1","511"
"2346292","0x0b5fd18b5429a16e281dc7aeda22fc4269315e30","","Thu, 28 Oct 2021 05:21:35 GMT","1","9"
"2346294","0x53aa7ec5ec6cc150fe6cdcf0fddec50e1f4873c6","yipit.eth","Thu, 28 Oct 2021 05:21:45 GMT","1","862"
"2346296","0xa1119519fe31704e9ea21fe6c639983639cd1759","","Thu, 28 Oct 2021 05:21:50 GMT","1","8"
"2346299","0x1e0196084c6ce07362807403ef46484cd0266520","thenine.eth","Thu, 28 Oct 2021 05:22:00 GMT","1","435"
"2346300","0x543b65d285d708b6f23d667a0cc554fb22b458d7","","Thu, 28 Oct 2021 05:22:15 GMT","1","804"
"2346305","0x4d2803f468b736b62fe9eec992c8f4c41be4cb15","","Thu, 28 Oct 2021 05:23:10 GMT","1","1054"
"2346308","0x6a96b17601c59d867123c5f45c0867fc735ed15a","","Thu, 28 Oct 2021 05:23:30 GMT","1","56"
"2346311","0x3c7d5bb537abae440e0abe552342f422a4b1e6c1","layer2finance.eth","Thu, 28 Oct 2021 05:23:45 GMT","1","1604"
"2346312","0x8e2ae37b273d83a11ca796c8582c371d72914873","","Thu, 28 Oct 2021 05:23:45 GMT","1","15"
"2346316","0x5e40239c87f8e0c8bc7a12937ea249290401ba89","","Thu, 28 Oct 2021 05:24:22 GMT","1","2"
"2346318","0x70e7a6621f4cb3c3e073d0539899f49fc88424c0","cweihan.eth","Thu, 28 Oct 2021 05:24:25 GMT","1","17"
"2346319","0x5bf37de3ad09ec7f23c250af0928f8d53b49da6c","","Thu, 28 Oct 2021 05:24:30 GMT","1","7"
"2346321","0x6c3220d77261b86f9f6c91e3eea6c0da4d864fc5","","Thu, 28 Oct 2021 05:24:55 GMT","1","15"
"2346324","0x17ae0a6be2e97b384165626db2569729d5006640","bayualsyah.eth","Thu, 28 Oct 2021 05:25:15 GMT","1","5"
"2346325","0x37ea22d0f551aa66d54605592b672f385b713dc4","","Thu, 28 Oct 2021 05:25:35 GMT","1","536"
"2346328","0x09dce0f0960c35ee0307d602f22eaeafccff209d","capitalg.eth","Thu, 28 Oct 2021 05:25:45 GMT","1","790"
"2346329","0xaa2a0b422c4876c3511cfe1fbc4218dd0796735c","eurvin.eth","Thu, 28 Oct 2021 05:25:45 GMT","1","8"
"2346332","0xcb11746310661bd5937ac3511ae6354231113801","","Thu, 28 Oct 2021 05:26:40 GMT","1","303"
"2346338","0xec561dd73346f761d1c09f46999bc8ea1b1e95a2","luckfairy.eth","Thu, 28 Oct 2021 05:27:55 GMT","1","253"
"2346341","0x3af9fe35d280ada5a5edb1bef3ed872a3231d73c","treth.eth","Thu, 28 Oct 2021 05:28:25 GMT","1","24"
"2346343","0xc9090d9c2a6d571201bdd771703565b98fa99266","","Thu, 28 Oct 2021 05:29:00 GMT","1","15"
"2346344","0x2c2fe3bac96693b028ea9564eaa8f43164d40ad4","","Thu, 28 Oct 2021 05:29:07 GMT","1","1"
"2346346","0x224aba5d489675a7bd3ce07786fada466b46fa0f","santteegt.eth","Thu, 28 Oct 2021 05:30:00 GMT","1","67"
"2346349","0xa274f464571538a7c505c371ce3e8d292fc6afc7","","Thu, 28 Oct 2021 05:31:55 GMT","1","17"
"2346350","0x094dc639f0c47b6eca92936e142ecea207b963e4","zywwqq.eth","Thu, 28 Oct 2021 05:32:00 GMT","1","802"
"2346352","0xe3c9ece23316b6b06142fa0ca915f02c323c6b21","dakeshi.eth","Thu, 28 Oct 2021 05:32:10 GMT","1","5"
"2346360","0x865d7eb5db37cc02ec209dd778f4e3851a421a20","meme.wantsome.eth","Thu, 28 Oct 2021 05:34:50 GMT","1","9"
"2346361","0x3f1e38bea2957da87ed48e2f4c2ed0eef7f10d82","","Thu, 28 Oct 2021 05:34:55 GMT","1","15"
"2346363","0xfc0bbfe1e6391ad733b0016d41e50cfa2725717e","","Thu, 28 Oct 2021 05:35:40 GMT","1","2"
"2346365","0x47ce63bbead48b180cfea1a3e5fff60ddeebf116","brandonkurtz.eth","Thu, 28 Oct 2021 05:36:05 GMT","1","19"
"2346368","0xdf01ca703cfb4377a7a71579cc6bd7c14158b2bc","","Thu, 28 Oct 2021 05:37:15 GMT","1","652"
"2346371","0x459bef0acc428832101f0f7cbff1ea1a9db35cc3","","Thu, 28 Oct 2021 05:38:00 GMT","1","310"
"2346377","0x1279249174ec07a2cb3f057bdc43414106183d4c","","Thu, 28 Oct 2021 05:39:40 GMT","1","8"
"2346378","0x35a214b13c9e223b8d511f343ac8fa94293233a1","hfsp.eth","Thu, 28 Oct 2021 05:39:50 GMT","1","8"
"2346379","0x782c93e1c530a283ef738a58b5671a8fc2d8153f","bitcoinlouie.eth","Thu, 28 Oct 2021 05:40:12 GMT","1","82"
"2346392","0xe35ef95a80839c3c261197b6c93e5765c9a6a31a","jackburrus.eth","Thu, 28 Oct 2021 05:43:10 GMT","1","4"
"2346397","0xa4b8ed2e64d6672ce905557604f89dd70627f157","","Thu, 28 Oct 2021 05:45:35 GMT","1","3"
"2346399","0xcac4e89678818cd86adc5f728c3d53426f97b580","","Thu, 28 Oct 2021 05:45:50 GMT","1","1"
"2346401","0x076c4acd3e85b0d6b6b732f1dc58c29e2bc4af45","","Thu, 28 Oct 2021 05:46:03 GMT","1","2"
"2346403","0xbb9a9a2e2dd0ad7641dfa535afbda69abbef45bb","","Thu, 28 Oct 2021 05:46:40 GMT","1","69"
"2346404","0xe3d091e8122e65a0bd6a3b1bc1ee12b7c4ebb61f","","Thu, 28 Oct 2021 05:47:45 GMT","1","2"
"2346405","0x01491ea57f1549a0644530305745fbd285c456fb","","Thu, 28 Oct 2021 05:47:45 GMT","1","32"
"2346407","0xca7a1a193a02e0520b6b745cd2eb24967c27ca00","","Thu, 28 Oct 2021 05:47:55 GMT","1","4"
"2346408","0x910c60c049d833a7fd2f5bda310bbea1c5fa3598","nftnet.eth","Thu, 28 Oct 2021 05:48:30 GMT","1","1085"
"2346411","0x90246fbda1b6e80bf461957a6fec8f3786ac467c","","Thu, 28 Oct 2021 05:49:20 GMT","1","2"
"2346412","0xb49d525624c6bf21741aeda1b76b6bd26de86393","","Thu, 28 Oct 2021 05:49:35 GMT","1","1"
"2346413","0xf81d02a2797afd51c71225b07076f87b29bca025","huacaizi.eth","Thu, 28 Oct 2021 05:49:50 GMT","1","158"
"2346415","0xdb888e9d6a7525a042aae98f08dc9a9f2b43ada5","","Thu, 28 Oct 2021 05:50:35 GMT","1","31"
"2346417","0x99d6d24012361620bfa1a3f16d4e745066fc7c69","zs666.eth","Thu, 28 Oct 2021 05:51:00 GMT","1","125"
"2346421","0xf935861a8b8cc6867eeb463d97b501c69d177092","mistdao.eth","Thu, 28 Oct 2021 05:51:50 GMT","1","89"
"2346424","0x151a64570e4997739458455ba4ab5a535fd2e306","dghelm.eth","Thu, 28 Oct 2021 05:52:00 GMT","1","6"
"2346425","0x6280aeb92c12ef44e04a053d3d23e563b4217382","rymac.eth","Thu, 28 Oct 2021 05:52:23 GMT","1","18"
"2346426","0x42acf5773af88b0e49f413e10edf9bcef93c3805","marinade.eth","Thu, 28 Oct 2021 05:52:40 GMT","1","78"
"2346427","0xc5ba2b86292a73830cfe7619f24f4fcab66e398b","angelswap.eth","Thu, 28 Oct 2021 05:53:30 GMT","1","71"
"2346431","0x13ebd3443fa5575f0eb173e323d8419f7452cfb1","abcoathup.eth","Thu, 28 Oct 2021 05:56:50 GMT","1","46"
"2346433","0xd61d1072517d5d30bc50a145bd143f284a48372b","","Thu, 28 Oct 2021 05:57:30 GMT","1","80"
"2346434","0xed6c38a5e307d59daed4593a85e62171f526e0bd","sawmonandnatalie.eth","Thu, 28 Oct 2021 05:57:50 GMT","1","1"
"2346437","0xd04bf1c800f5a7fb380de6871d0dcea421d57c64","","Thu, 28 Oct 2021 06:00:40 GMT","1","34"
"2346440","0x3290603e448a2ce1831a4c4e68385d5e1531aced","xinan888.eth","Thu, 28 Oct 2021 06:00:55 GMT","1","1840"
"2346442","0xb512f6eda8d66092c5ab1d6c5ec718970e064683","rocklaw.eth","Thu, 28 Oct 2021 06:01:10 GMT","1","63"
"2346444","0x71bb18a0b1789237a69381fad951bb0a5a27ad62","","Thu, 28 Oct 2021 06:01:35 GMT","1","2"
"2346445","0x986a1de622305f441a3c763036ca06da417ffff4","lly1993.eth","Thu, 28 Oct 2021 06:01:45 GMT","1","1635"
"2346447","0xd35e15ce6e02927f4e455833d07e3bc0e120acad","","Thu, 28 Oct 2021 06:02:10 GMT","1","1"
"2346449","0x329a8ddfed3de5172b984053d4d7f64f2e2189dc","poapnft.eth","Thu, 28 Oct 2021 06:02:30 GMT","1","1497"
"2346453","0xa9ce001353e021767264f5ab6102e65bc9cd2023","","Thu, 28 Oct 2021 06:03:57 GMT","1","183"
"2346460","0x1b5c0ba26bf12aa73f6f9ce49e9523ac4cbb3d60","","Thu, 28 Oct 2021 06:05:35 GMT","1","2"
"2346461","0x46ac0c9c530dc960a4df75b20b594fba243e5b7c","xpunk.eth","Thu, 28 Oct 2021 06:05:45 GMT","1","43"
"2346465","0xc41bc99044fd4836dba4104bcf53b6f2b62716b1","","Thu, 28 Oct 2021 06:06:15 GMT","1","1"
"2346466","0x6da15dbdd8cc2c396629d0f732c06975f3244010","","Thu, 28 Oct 2021 06:06:15 GMT","1","1369"
"2346469","0x04e523105b51faedd538a821348b08b45799bfed","","Thu, 28 Oct 2021 06:06:45 GMT","1","3"
"2346470","0xb3e3d434c074272c8e99c88d40f188b92274a891","alexfurnica.eth","Thu, 28 Oct 2021 06:06:45 GMT","1","3"
"2346472","0xcfa22fd42ccacc10189e651a0d041c5b96a7f8e8","","Thu, 28 Oct 2021 06:07:15 GMT","1","16"
"2346477","0xd8086758daabc3e734ef5971eb7e2ad8f32a2f81","","Thu, 28 Oct 2021 06:07:45 GMT","1","11"
"2346478","0xbab71b94eeae1b53eec82ab3a01c8c453bd3f131","","Thu, 28 Oct 2021 06:08:05 GMT","1","422"
"2346483","0x0845fe2b09f3b54ec9ef780e53f24e1c3309fb9b","","Thu, 28 Oct 2021 06:09:30 GMT","1","1"
"2346491","0xa5a782a2b2be73421f75774186d4f8f1aabca2c4","","Thu, 28 Oct 2021 06:14:25 GMT","1","3"
"2346493","0xfc3551f3b51f27ca60efb25f45ed95d4e80e7071","0xaaa.eth","Thu, 28 Oct 2021 06:15:40 GMT","1","38"
"2346494","0x5deed99639d45d39537e66028ee2827a10226f2f","","Thu, 28 Oct 2021 06:15:50 GMT","1","20"
"2346496","0x006e7559beccc3f476dfd37f7e3e6c8fc51bcb84","","Thu, 28 Oct 2021 06:15:55 GMT","1","234"
"2346498","0xe2ce419dda558c61ed9c954586d8af65bf21df1a","","Thu, 28 Oct 2021 06:16:30 GMT","1","216"
"2346500","0xd1a5b91957530e1b3e9cfac1543467c60c352f69","effectchen.eth","Thu, 28 Oct 2021 06:16:45 GMT","1","963"
"2346503","0xcedba0a46d9aa1993e2b04658625339168bfab30","","Thu, 28 Oct 2021 06:17:25 GMT","1","3"
"2346507","0x4d9618239044a2ab2581f0cc954d28873afa4d7b","","Thu, 28 Oct 2021 06:19:55 GMT","1","29"
"2346515","0x61323c5c6696fde1d334fee5f49f1fac8781d0cf","996icu.eth","Thu, 28 Oct 2021 06:22:25 GMT","1","1355"
"2346517","0xad24e0801744b692fa1344a088d8ff5a14b752f1","","Thu, 28 Oct 2021 06:22:50 GMT","1","5"
"2346555","0x77785f17df41b24f341beba4a50ce25f3dcdbfd0","","Thu, 28 Oct 2021 06:30:15 GMT","1","36"
"2346567","0xac5fd8abbfb2efdb330f627d9d69d1c0909d6316","yisosd.eth","Thu, 28 Oct 2021 06:31:25 GMT","1","621"
"2346589","0x49bc2e5322bb90a4306874645a523d9e5ea65f81","","Thu, 28 Oct 2021 06:33:45 GMT","1","752"
"2346607","0x75fd2bea5c16f587565770250d638d967f982953","havecoin.eth","Thu, 28 Oct 2021 06:37:55 GMT","1","413"
"2346611","0xb1c87a6d46499e25fb39676d6663a4157cca42dc","","Thu, 28 Oct 2021 06:38:10 GMT","1","1"
"2346612","0xf05abab203216009f6e41920845ed940c947acc1","","Thu, 28 Oct 2021 06:38:10 GMT","1","634"
"2346617","0x0c403e0d57eeb8f091bcfa8efdf01c00509f04f2","tomasu.eth","Thu, 28 Oct 2021 06:38:25 GMT","1","103"
"2346635","0xdbf04a799f96f1409f4ac1aa9ce5a324fbc9d5e6","dnnnvx.argent.xyz","Thu, 28 Oct 2021 06:41:20 GMT","1","2"
"2346647","0xaa470c4addd38c70595b50fd169a1c293cf56ab8","denniswon.eth","Thu, 28 Oct 2021 06:42:40 GMT","1","4"
"2346652","0x7084c8a2943df2115c4ca9b70ce6b963a5993906","","Thu, 28 Oct 2021 06:42:50 GMT","1","1"
"2346708","0xa65dbb197e5a9b330372e08a953b1bffa89f0d05","","Thu, 28 Oct 2021 06:50:15 GMT","1","2"
"2346720","0x7af2dbb733daed7b340b4215d23811563375f0f7","","Thu, 28 Oct 2021 06:50:50 GMT","1","338"
"2346721","0x000000064730640b7d670408d74280924883064f","coinfreak.eth","Thu, 28 Oct 2021 06:50:50 GMT","1","45"
"2346750","0x4c2c20542d75e08328d21f0c7365823d2752e07c","","Thu, 28 Oct 2021 06:54:20 GMT","1","21"
"2346769","0x3405d0f0bff6d85fe63a691709351d2b4f73fb64","shrikar.eth","Thu, 28 Oct 2021 06:56:25 GMT","1","1"
"2346782","0x3ddd81300529ce3641d6c57dc8d95d550763cb0c","smets.eth","Thu, 28 Oct 2021 06:57:25 GMT","1","2"
"2346786","0x8bcbb2743467773c65eff63ba77d2cace3c8691b","","Thu, 28 Oct 2021 06:57:55 GMT","1","30"
"2346793","0x5772446f8fa833e1b38152efdddceca5b172cd13","","Thu, 28 Oct 2021 06:59:05 GMT","1","3"
"2346807","0xfbf2c698b651b8745f871a92cb3e232701d5fd29","","Thu, 28 Oct 2021 07:01:12 GMT","1","7"
"2346839","0x3114835ba10fb03ee427774d6d06c9e94c44fdde","","Thu, 28 Oct 2021 07:04:30 GMT","1","1"
"2346848","0x4d8d2ddc4560252ae2edefbaaa6dd12144155014","sushen.eth","Thu, 28 Oct 2021 07:06:05 GMT","1","2"
"2346851","0xb7658aac84dbe5924badc9d780c36442dd46306e","","Thu, 28 Oct 2021 07:07:17 GMT","1","8"
"2346861","0xa8293dd8eb52564a35b8357a539146321b934153","lbjames.eth","Thu, 28 Oct 2021 07:07:50 GMT","1","435"
"2346873","0xc4ea86f3a2ce78288a16b87d5717eee2dd01ef00","","Thu, 28 Oct 2021 07:09:40 GMT","1","9"
"2346879","0x695e4039fbb7871eb62b019a6d3508f87090b3a6","","Thu, 28 Oct 2021 07:10:10 GMT","1","9"
"2346885","0x22cb546987dd534d077f584dd099e264805d1fb1","","Thu, 28 Oct 2021 07:10:40 GMT","1","7"
"2346891","0x2bf8ebb57d2d46f5aeaa13373bc9cff4f06ef777","","Thu, 28 Oct 2021 07:11:15 GMT","1","8"
"2346901","0xa69e8977041187288af3acb79a74dc29c23d7922","","Thu, 28 Oct 2021 07:12:25 GMT","1","10"
"2346903","0x761bcf2b77450cbe042209fd40b1385877302b91","","Thu, 28 Oct 2021 07:12:50 GMT","1","2"
"2346904","0x3bbbcbc1c0b584f61ed746096e7b67c6bc2dac93","","Thu, 28 Oct 2021 07:12:50 GMT","1","174"
"2346905","0x9f72c4b227880032eff473cc674a75ebfa324c7c","","Thu, 28 Oct 2021 07:12:55 GMT","1","11"
"2346907","0xc74b85298b6262690af60e42f39ceeb97a75d980","","Thu, 28 Oct 2021 07:13:20 GMT","1","10"
"2346910","0xea9eedbde9c8f620d1df0afd48cf27cf73a8a3b0","","Thu, 28 Oct 2021 07:14:10 GMT","1","11"
"2346911","0x02228784b938b4463de83d66bbfcde22682569d9","yellowcurtain.eth","Thu, 28 Oct 2021 07:14:40 GMT","1","25"
"2346912","0x1d6c45c00e00eecc9d8204b5d29c7b72afd5faf4","markengelhardt.eth","Thu, 28 Oct 2021 07:16:30 GMT","1","6"
"2346915","0x019154236954baca79f9d855a08cfafaaafb7f4f","","Thu, 28 Oct 2021 07:17:25 GMT","1","9"
"2346928","0xb884b236239ee4cdab9eb9d2dbf1d44834b1476e","","Thu, 28 Oct 2021 07:22:35 GMT","1","1"
"2346929","0xe7aa7af667016837733f3ca3809bde04697730ef","devtooligan.eth","Thu, 28 Oct 2021 07:22:45 GMT","1","2"
"2346935","0x7d9a8c475b55e70f2d9837c853ee145ccca9d249","","Thu, 28 Oct 2021 07:25:15 GMT","1","1"
"2346936","0xbe7bcdbf219213bd764298ba6b3d3e621d3dceee","","Thu, 28 Oct 2021 07:25:20 GMT","1","1"
"2346939","0x20486499525835c04c293d2eec948022fe7dc2f1","","Thu, 28 Oct 2021 07:27:20 GMT","1","1"
"2346941","0x52434cd9e4e4f965a20c8576841cbaac4b2ba30e","sysadmincrypto.eth","Thu, 28 Oct 2021 07:29:27 GMT","1","6"
"2346946","0x644c9dc206733f3dccecf526bb09fd6d5170b246","","Thu, 28 Oct 2021 07:33:00 GMT","1","3"
"2346950","0x74bf5b9972da24406c2c046494a5ccbe2fba28dc","","Thu, 28 Oct 2021 07:35:15 GMT","1","33"
"2346959","0x61c4a38d7e9ea4095fa7d507cf72bf61eb5e1556","","Thu, 28 Oct 2021 07:38:05 GMT","1","5"
"2346961","0x65bea6b70a89bb5e93af077739bf18e1d17a7dd1","","Thu, 28 Oct 2021 07:39:05 GMT","1","1"
"2346966","0x1cc6938596b6ec52dad1957f8fff98c105e868c7","markod.eth","Thu, 28 Oct 2021 07:41:55 GMT","1","17"
"2346969","0x0283d0360cc60f45e050703233b361d3a6457b9f","","Thu, 28 Oct 2021 07:42:40 GMT","1","3"
"2346973","0x9b71b4dc9e9dcefaf0e291cf2dc5135a862a463d","","Thu, 28 Oct 2021 07:44:55 GMT","1","4"
"2347012","0x8afd5bffbaa9176d8ed04a865e2236c15423f9cc","","Thu, 28 Oct 2021 07:49:20 GMT","1","1"
"2347016","0x1ca1c50fc5ba4267e8f168bd34b1a6673b84d85e","","Thu, 28 Oct 2021 07:50:50 GMT","1","2"
"2347018","0xf23b38099188fd5892346104bbef2f1c11d10244","poulet.eth","Thu, 28 Oct 2021 07:51:37 GMT","1","2"
"2347058","0x73e325a8f9bd07228bef1e859bc7de34b855fd85","woody.eth","Thu, 28 Oct 2021 07:55:10 GMT","1","1"
"2347071","0x38140e35fda3f160ddb06e0637488a3e174acbbc","","Thu, 28 Oct 2021 07:57:28 GMT","1","14"
"2347099","0xd9fdd7314cc201bcb3a1a5455b4c458a76eca718","dorumuntean.eth","Thu, 28 Oct 2021 08:02:00 GMT","1","18"
"2347100","0xad0d48a8eeca41da04bf4697b41ffeabca9d9c5f","","Thu, 28 Oct 2021 08:02:25 GMT","1","7"
"2347103","0x58bcd7dd3c76225fdb7a53fa81cca08a2aff0f33","","Thu, 28 Oct 2021 08:02:50 GMT","1","4"
"2347107","0xc260b3e56b4eea29a8c4ed2df10271b709322a4c","stoyan.eth","Thu, 28 Oct 2021 08:03:05 GMT","1","1"
"2347108","0xc912e55e813753f91f96054eacf4e342a6061f1a","sathaxe.eth","Thu, 28 Oct 2021 08:03:05 GMT","1","4"
"2347118","0xbcce06bfdc04efef4b824ff74e358521cc096111","","Thu, 28 Oct 2021 08:06:00 GMT","1","1"
"2347128","0x35434a35c19cabc4bd508edf538cc1cf33bda688","jantto.eth","Thu, 28 Oct 2021 08:06:50 GMT","1","2"
"2347132","0x6b2ebfe3fe5c5b84746105421de93df383b222e8","","Thu, 28 Oct 2021 08:07:35 GMT","1","4"
"2347169","0x8c833a6c7f2ace55d283b3b52edb39efe67932e0","nathantodamoon.eth","Thu, 28 Oct 2021 08:11:50 GMT","1","38"
"2347180","0xd127c0c480fb631e545f687df5a4bac6b6ba4823","micfox.eth","Thu, 28 Oct 2021 08:15:15 GMT","1","4"
"2347185","0xa0c8f98501fda2f29e1d6a1845cc195353ced672","","Thu, 28 Oct 2021 08:15:15 GMT","1","7"
"2347193","0x63e62588330657c99ba79139e7c21af0c0db1e7e","","Thu, 28 Oct 2021 08:15:22 GMT","1","5"
"2347264","0x7140640f5917847e39e4ba86d0853915117a1c5f","","Thu, 28 Oct 2021 08:25:00 GMT","1","12"
"2347299","0x600dcd99dc4056e5d2a6864a335d75dc64f9a945","highlevel.eth","Thu, 28 Oct 2021 08:28:05 GMT","1","29"
"2347350","0x5d4fe11cd67cf21a5b7e75efb12388cd2c250b5a","","Thu, 28 Oct 2021 08:34:45 GMT","1","1"
"2347436","0xede845aeb68ad7d3ff376090d15327765c444719","","Thu, 28 Oct 2021 08:44:15 GMT","1","4"
"2347451","0x3aaf1cb151c85484c862b56b7db7d82488432fcf","","Thu, 28 Oct 2021 08:45:05 GMT","1","39"
"2347475","0xfc567a525bd613fe892dc62634264a4b78e6d52f","","Thu, 28 Oct 2021 08:48:05 GMT","1","6"
"2347556","0xbe3e1ca409bf61e476bca616fc674098b148e2e3","","Thu, 28 Oct 2021 08:57:55 GMT","1","3"
"2347568","0x044fd74174c8abf46123cd98178663f5230a4007","starstar.eth","Thu, 28 Oct 2021 08:58:40 GMT","1","783"
"2347576","0x5d46ed7405a8a87492cd139fcd38bce60cb5030e","b-wallet.eth","Thu, 28 Oct 2021 09:00:25 GMT","1","1656"
"2347588","0x84e3e0f568ed68b4f6827fe797444b3d5b1fd8b5","l2nft.eth","Thu, 28 Oct 2021 09:02:00 GMT","1","1934"
"2347644","0x6ebda7544c2b0edbb449f78aa88ac708fbdf2687","","Thu, 28 Oct 2021 09:08:30 GMT","1","1"
"2347650","0x6d96b763131b9fbef1f6d4af5bdcff09b2dbdd92","nazzareno.eth","Thu, 28 Oct 2021 09:11:20 GMT","1","23"
"2347662","0xe7b30a037f5598e4e73702ca66a59af5cc650dcd","","Thu, 28 Oct 2021 09:11:58 GMT","1","6"
"2347663","0x7f2049f69eabc4bd865fe8edf21cb8019cc7ec8f","lolclark.eth","Thu, 28 Oct 2021 09:12:30 GMT","1","18"
"2347717","0x2959c374a9331b93fe56d0ab19ae77236ab4566e","","Thu, 28 Oct 2021 09:18:50 GMT","1","279"
"2347722","0xdd6d37e29294a985e49ff301acc80877fc24997f","","Thu, 28 Oct 2021 09:19:30 GMT","1","5"
"2347735","0x5390a21b4dda4989fd951a2286e78037567ab447","","Thu, 28 Oct 2021 09:22:25 GMT","1","3"
"2347746","0x2e5ccffbae934a9cb7e061fca7af01946e4e550e","laz.eth","Thu, 28 Oct 2021 09:23:50 GMT","1","7"
"2347757","0xe118c8661a4a66be6631c64dd62450d056e7e00a","","Thu, 28 Oct 2021 09:26:00 GMT","1","812"
"2347758","0x66300889afb808626498c28e3811bb9b06a014ad","","Thu, 28 Oct 2021 09:26:00 GMT","1","59"
"2347770","0x83eb0d1edb9e144e73656a9d0089bce22783cedb","","Thu, 28 Oct 2021 09:28:20 GMT","1","1"
"2347838","0x9671014f2a2bc768fa897ae6b3a75fd446e5e684","","Thu, 28 Oct 2021 09:37:50 GMT","1","2"
"2347971","0xe5c306c10edc4558d9882d8c8ed6f026a3b33120","","Thu, 28 Oct 2021 09:49:20 GMT","1","14"
"2347982","0x2f941494bf18ad9f96602da1b4563c883594fc4c","","Thu, 28 Oct 2021 09:53:55 GMT","1","19"
"2347985","0x02fb763a0454a54b3ffd02427f54340b42fe8e7c","","Thu, 28 Oct 2021 09:55:00 GMT","1","1561"
"2347988","0x226c7bea9ef53342e0a8c8d80885ff800e35d265","anohana.eth","Thu, 28 Oct 2021 09:55:50 GMT","1","731"
"2348005","0xb653ce2ddc7d0cc1e8403d6387ba0c2c1b735fd5","no-00.eth","Thu, 28 Oct 2021 10:02:05 GMT","1","188"
"2348019","0xd952c734c23d1cf1a7f6d13a95c35e8d3de19f49","satoshinakamototxns.eth","Thu, 28 Oct 2021 10:06:20 GMT","1","7"
"2348023","0x7bb9dccc97052ddef05141897fe8313fd4ad0418","","Thu, 28 Oct 2021 10:07:40 GMT","1","192"
"2348027","0x9e8271e84f795fbee563a92915bbf620ee972c8e","","Thu, 28 Oct 2021 10:09:15 GMT","1","2"
"2348029","0xf51754d95c0b9bb416ab4915e9f10b04d04d29e5","","Thu, 28 Oct 2021 10:09:55 GMT","1","90"
"2348056","0xec66352d727ed6dc705f949f9641603617caae81","","Thu, 28 Oct 2021 10:13:30 GMT","1","195"
"2348068","0xc98a194d958572368c683e601bf244f2c9009443","allenkong.eth","Thu, 28 Oct 2021 10:14:50 GMT","1","142"
"2348079","0x1056e5c3d42d582b3dacf27336b16d63999b8a26","","Thu, 28 Oct 2021 10:15:50 GMT","1","53"
"2348087","0x2e79f1afc5cf612a769565880269628f32492420","","Thu, 28 Oct 2021 10:16:25 GMT","1","158"
"2348157","0xc11e8939a2de12d92a17e02cc03695f569327f0f","","Thu, 28 Oct 2021 10:23:37 GMT","1","15"
"2348167","0xb21c33de1fab3fa15499c62b59fe0cc3250020d1","protolambda.eth","Thu, 28 Oct 2021 10:24:00 GMT","1","50"
"2348175","0xa16b8c34c925df3adc995fb4969f2f1192cf37a4","","Thu, 28 Oct 2021 10:24:40 GMT","1","69"
"2348182","0xa60f6cc56915d6109f42634bba1c32dbcf8ce39f","","Thu, 28 Oct 2021 10:25:45 GMT","1","1"
"2348193","0x7eb84e42059f0d44269c50f4d3a280fd307a6824","jtnichol.eth","Thu, 28 Oct 2021 10:27:00 GMT","1","44"
"2348217","0xcf9fac17bd11b946b39000321b3ffe7f2b0172c3","","Thu, 28 Oct 2021 10:30:45 GMT","1","29"
"2348281","0x37ea434799b0ec581a073ed88e187cf4a22c5bce","","Thu, 28 Oct 2021 10:37:55 GMT","1","11"
"2348320","0xa05d173f369263fb697e1a0e214b107b59237400","","Thu, 28 Oct 2021 10:43:35 GMT","1","1"
"2348378","0x306ebe8357cf941e1b870a1ba6a60aa9668805d2","afronomad.eth","Thu, 28 Oct 2021 10:54:45 GMT","1","33"
"2348408","0x7a86df14adba1ef38aa12e5727c7ac20bf7d70ad","","Thu, 28 Oct 2021 11:01:25 GMT","1","3"
"2348434","0x2a209589119688574e65cb9fba546e33012a9edc","agneth.eth","Thu, 28 Oct 2021 11:08:50 GMT","1","45"
"2348443","0x1721aa250e28db9602c24354f2576252256e05fc","","Thu, 28 Oct 2021 11:10:20 GMT","1","1"
"2348444","0x8382d8e5c9f2bb6f5879ace277b7051a2c2272f2","","Thu, 28 Oct 2021 11:10:55 GMT","1","239"
"2348477","0xa411398b05c2d0df6ad5b524c2fe1d7fa9ce6cf1","","Thu, 28 Oct 2021 11:21:10 GMT","1","968"
"2348486","0x422244f99c97993cfe5ca3b2e1a4be589df24080","","Thu, 28 Oct 2021 11:23:35 GMT","1","2"
"2348496","0xb22538c79ef316e128840a55866a7d918a126a7d","","Thu, 28 Oct 2021 11:26:35 GMT","1","9"
"2348504","0xf4844a06d4f995c4c03195afcb5aa59dcbb5b4fc","wijuwiju.eth","Thu, 28 Oct 2021 11:29:25 GMT","1","23"
"2348514","0xc7a14f97ca063ad5aac3adc837d09e9f13ba63fa","franzi.eth","Thu, 28 Oct 2021 11:32:20 GMT","1","41"
"2348556","0x20dfeed4bd0a027b31240a25dd257e85a42bffaf","dexterous.eth","Thu, 28 Oct 2021 11:40:50 GMT","1","33"
"2348561","0x4e8ad3c90f026e4d034b81ba0e1a929e77d80b36","kempsterrrr.eth","Thu, 28 Oct 2021 11:42:35 GMT","1","3"
"2348566","0x61d1b77b20b7caf25545117336bb172f6950deec","butta.eth","Thu, 28 Oct 2021 11:43:50 GMT","1","94"
"2348579","0xdf1b02672d19909f80805aa3b217b8c9cd704d60","redruchi.eth","Thu, 28 Oct 2021 11:47:32 GMT","1","71"
"2348583","0xb3d1a413968f7133ef644e720f74e216090c51a8","tarunsachdeva.eth","Thu, 28 Oct 2021 11:48:50 GMT","1","4"
"2348586","0x30c7f4f7504d6366916f669cd8e731ed4df6c702","bosco.eth","Thu, 28 Oct 2021 11:48:55 GMT","1","29"
"2348595","0x7200ef22d5e2052f8336dcff51dd08119aface87","domingob.eth","Thu, 28 Oct 2021 11:50:45 GMT","1","36"
"2348635","0x977b6928c62f0678b4fdbb007a494d804be88396","","Thu, 28 Oct 2021 11:58:25 GMT","1","1"
"2348653","0xe3f01bf25fd0b64c9ea776d9b5d5c589b6277fd2","countmchristo.eth","Thu, 28 Oct 2021 12:03:00 GMT","1","7"
"2348670","0x1ec1ccef3e1735bda3f4ba698e8a524aa7c93274","mantisdatasolutions.eth","Thu, 28 Oct 2021 12:07:20 GMT","1","32"
"2348680","0x8847ebaaf29a18396e49191602f8d8d141b98aa7","cyberg.eth","Thu, 28 Oct 2021 12:09:30 GMT","1","14"
"2348694","0xfef19d3bb4575f69bff2b74d20d9155e67ebe777","maxandrew.eth","Thu, 28 Oct 2021 12:12:05 GMT","1","5"
"2348697","0xd89654f93314cc4f09a0fb0367cb6b7a711998cd","gr4zz.eth","Thu, 28 Oct 2021 12:13:30 GMT","1","9"
"2348733","0x399e0ae23663f27181ebb4e66ec504b3aab25541","superphiz.eth","Thu, 28 Oct 2021 12:22:55 GMT","1","324"
"2348743","0x9254c23bcb4155f03b7c57166df4377fdfa3605a","","Thu, 28 Oct 2021 12:25:10 GMT","1","154"
"2348744","0x86654d2f8dffda299a2647961d3b872420c59b74","","Thu, 28 Oct 2021 12:25:55 GMT","1","127"
"2348752","0x45feb4865f00e359156a4f873c9eef893b4191e7","","Thu, 28 Oct 2021 12:28:00 GMT","1","2"
"2348760","0x6d4498820214ed716479fd2d415dcc784437375e","","Thu, 28 Oct 2021 12:29:30 GMT","1","1"
"2348762","0x55f5429343891f0a2b2a8da63a48e82da8d9f2f6","serglo.eth","Thu, 28 Oct 2021 12:29:55 GMT","1","78"
"2348775","0xc02624affa30299fa164e7176a37610835a923a7","jeffscottward.eth","Thu, 28 Oct 2021 12:32:20 GMT","1","3"
"2348874","0xe626e8ca82603e3b44751f8562b5ed126d345140","tyevlag.eth","Thu, 28 Oct 2021 12:54:05 GMT","1","854"
"2348888","0x0400083c67fd63db5f1ae087efd9583430b663cf","bombard.eth","Thu, 28 Oct 2021 12:56:25 GMT","1","3"
"2348890","0x09a900eb2ff6e9aca12d4d1a396ddc9be0307661","","Thu, 28 Oct 2021 12:56:25 GMT","1","5"
"2348937","0x2ab00d9690316253d472ac1f23f078ffcbe1179f","killoren.eth","Thu, 28 Oct 2021 13:02:55 GMT","1","3"
"2348942","0x60a5dcb2fc804874883b797f37cbf1b0582ac2dd","msolomon.eth","Thu, 28 Oct 2021 13:03:45 GMT","1","17"
"2348953","0x21532d4267648191bef7a33c813c43cf90a6fa78","unvetica.eth","Thu, 28 Oct 2021 13:04:35 GMT","1","310"
"2349015","0x8c6420b204c6ea395f1ff4957b4c886bd023b3af","","Thu, 28 Oct 2021 13:10:55 GMT","1","1"
"2349030","0x3e77fd1b4d4176ca9d54db60f132fbb88bfa43ca","","Thu, 28 Oct 2021 13:13:55 GMT","1","3"
"2349046","0xaca4ab44dcd2ec6982bb5238bf1daf268c159699","rootulp.eth","Thu, 28 Oct 2021 13:17:15 GMT","1","26"
"2349191","0x4c0a466df0628fe8699051b3ac6506653191cc21","trent.eth","Thu, 28 Oct 2021 13:36:55 GMT","1","38"
"2349204","0xb4d6b7757d88ba7ebcb6663e91e98fa352c53e12","","Thu, 28 Oct 2021 13:38:00 GMT","1","1"
"2349346","0x56d389c4e07a48d429035532402301310b8143a0","colfax.eth","Thu, 28 Oct 2021 13:50:55 GMT","1","171"
"2349353","0x96e99a4ce092406b8c54fed16806a7d6e4c028e6","pinode.eth","Thu, 28 Oct 2021 13:51:50 GMT","1","1776"
"2349502","0xd7d76c58b3a519e9fa6cc4d22dc017259bc49f1e","","Thu, 28 Oct 2021 13:57:55 GMT","1","21"
"2349627","0xebe2adcbc2448787edffb030307beb8efba583da","olymp.eth","Thu, 28 Oct 2021 14:03:13 GMT","1","535"
"2349636","0x909f9ef8a242e2df9c65c2535f3521e9bd5212eb","dluffy.eth","Thu, 28 Oct 2021 14:04:05 GMT","1","158"
"2349668","0x40ffac75e9ac1d04f90c2d2723cbb71aee404595","nagiraldo.eth","Thu, 28 Oct 2021 14:07:25 GMT","1","13"
"2349670","0x284c5eeba11fd1aafc011e7d78e90e7ba703d285","nftabc.eth","Thu, 28 Oct 2021 14:07:45 GMT","1","131"
"2349682","0xce1a7bc82a15e8ed38be06b8c8df8bbdf3e2b7a9","","Thu, 28 Oct 2021 14:11:30 GMT","1","1"
"2349684","0x1caf1721c38ab85ce89e565a6a04366287202832","","Thu, 28 Oct 2021 14:12:10 GMT","1","2"
"2349686","0xcc42fd416db8bb2026b06e5b3b662acf5afe1c23","","Thu, 28 Oct 2021 14:12:15 GMT","1","3"
"2349696","0x61236514a301ecabb04bf11c686be043ff1ce71a","","Thu, 28 Oct 2021 14:14:40 GMT","1","268"
"2349704","0xd7171b6fa1b9f1c7e5f28b8f3a73e72a2426150d","","Thu, 28 Oct 2021 14:16:10 GMT","1","22"
"2349719","0x9033b241ebbfecaed501fad794afb57fdb27dc16","","Thu, 28 Oct 2021 14:19:40 GMT","1","150"
"2349725","0x5b655eda7d101f98934392cc3610bcb25b633789","defaang.eth","Thu, 28 Oct 2021 14:20:55 GMT","1","18"
"2349727","0x42919c338c192609a6042311e48c1a1ef5f1a6ce","mopai.eth","Thu, 28 Oct 2021 14:21:10 GMT","1","1596"
"2349731","0x86ba9a85dc55a5d510fc71ad90831aaf9a69e888","poapex.eth","Thu, 28 Oct 2021 14:22:50 GMT","1","1301"
"2349733","0x6b4e456d151286e1db128c7835680d60d2649180","","Thu, 28 Oct 2021 14:24:25 GMT","1","1131"
"2349737","0x77e3a35a6248c8ef5a0ea4d6c5f447df283f0f27","","Thu, 28 Oct 2021 14:25:10 GMT","1","1107"
"2349740","0x244b53e953c6af07d7ee5f320caef72a18822170","","Thu, 28 Oct 2021 14:25:52 GMT","1","1043"
"2349743","0xe8fed7dd3e858d5837219ffec815658ea891f69f","","Thu, 28 Oct 2021 14:26:45 GMT","1","1020"
"2349750","0xa187497c509a56cc1f5226a5895a6f59bc5a8205","","Thu, 28 Oct 2021 14:28:15 GMT","1","1008"
"2349751","0x369d055674323f66182c67f5a77547831e26b63a","","Thu, 28 Oct 2021 14:28:15 GMT","1","999"
"2349756","0x27fdcb11fc3af7d8b89f3ed1522693c6c21dae77","","Thu, 28 Oct 2021 14:28:50 GMT","1","981"
"2349759","0x6687c671980e65ebd722b9146fc61e2471558dd6","","Thu, 28 Oct 2021 14:29:05 GMT","1","51"
"2349760","0xb63c0456c3a2e958826f0b5ac32349a55f80d816","","Thu, 28 Oct 2021 14:29:45 GMT","1","946"
"2349762","0x306073722fb7387b0733f7fe107d7855bb3bca95","","Thu, 28 Oct 2021 14:30:25 GMT","1","928"
"2349763","0xdf33f4e48fa2318204fbd5e99d1141950429bb49","","Thu, 28 Oct 2021 14:31:15 GMT","1","4"
"2349809","0x83629f032ed211e0039494f6e5c5e36586598e3e","","Thu, 28 Oct 2021 14:40:55 GMT","1","4"
"2349827","0x559441fef78b7e27b66db69c11e5b3827e1aea96","velkoskis.eth","Thu, 28 Oct 2021 14:45:00 GMT","1","2"
"2349849","0x87e5397e7f770de1cf8c7eb5a2661f880b0450fa","","Thu, 28 Oct 2021 14:51:15 GMT","1","2"
"2349855","0xa6245875b85d0fdd2a6c3b0a107c300dceee6674","","Thu, 28 Oct 2021 14:54:22 GMT","1","6"
"2349857","0x128e5625e15fdba91d6ccb1abdfdc62b5d152b4f","layer2scaling.eth","Thu, 28 Oct 2021 14:54:45 GMT","1","78"
"2349889","0x38b2bac6431604dffec17a1e6adc649a9ea0efba","","Thu, 28 Oct 2021 15:02:50 GMT","1","6"
"2349910","0x29ce0df06da9d430538606251c377476c6423cd1","","Thu, 28 Oct 2021 15:09:50 GMT","1","15"
"2349911","0xfae5d1580503c02b9b9437fffd79b713e1b4626d","moaaz.eth","Thu, 28 Oct 2021 15:11:25 GMT","1","3"
"2349929","0xe89c2545e4e05a79d21351cdeeda4651ca48debc","","Thu, 28 Oct 2021 15:19:50 GMT","1","8"
"2349979","0xecd8c7abae05083c7bf368e022a311c24a11870f","ethfly.eth","Thu, 28 Oct 2021 15:26:35 GMT","1","2002"
"2349982","0x375cf42640e384d04314cb1b76a36d1d2924460a","","Thu, 28 Oct 2021 15:27:05 GMT","1","11"
"2349989","0x543da850a9dfb64bad9af1c0297f2051b65f3ff0","parallverse.eth","Thu, 28 Oct 2021 15:29:00 GMT","1","1"
"2349990","0xe427f4202c3d43cf2a538e1a3ed5a34b63d07150","","Thu, 28 Oct 2021 15:29:00 GMT","1","128"
"2349993","0x7d59d5fc2677d9114c9f082179e461285b24847c","","Thu, 28 Oct 2021 15:29:20 GMT","1","10"
"2349998","0x7326a688383d2f4c50bdba11a42c39c9b327fa70","","Thu, 28 Oct 2021 15:30:00 GMT","1","3"
"2350007","0x17dfd18987b6b131686fea478600b75d11193335","kingway.eth","Thu, 28 Oct 2021 15:32:45 GMT","1","1994"
"2350014","0xb01474b50382fae1a847e3a916ecdf07ba57bcc7","inkymaze.eth","Thu, 28 Oct 2021 15:33:20 GMT","1","5"
"2350015","0x80040312d5b96ef9c459bdc68451aba61ebfb7ef","","Thu, 28 Oct 2021 15:33:35 GMT","1","1"
"2350074","0xe340b00b6b622c136ffa5cff130ec8edcddcb39d","m1guelpf.eth","Thu, 28 Oct 2021 15:41:40 GMT","1","18"
"2350078","0xca2f5e2153da3b8f0efe1df57784cd0d1a4110ed","","Thu, 28 Oct 2021 15:42:15 GMT","1","3"
"2350111","0xbec7fcac08ec395204f445d8e4ed261efb2efb2e","","Thu, 28 Oct 2021 15:50:20 GMT","1","1"
"2350154","0xf139dd6b91014f100081a39ac4669e2a27491049","","Thu, 28 Oct 2021 16:04:25 GMT","1","1"
"2350184","0x6dd412dd9218eab74b1de784cc423d5259bb27ec","","Thu, 28 Oct 2021 16:14:00 GMT","1","1"
"2350194","0xaa052288600045c5709c2e95d02fa58e79c9f341","","Thu, 28 Oct 2021 16:21:03 GMT","1","7"
"2350205","0x3909a9195d0c590cfe0083553667bd00baf3bf84","","Thu, 28 Oct 2021 16:26:05 GMT","1","143"
"2350217","0x0000000000591b1da6b179d1da1ee31afae473e5","","Thu, 28 Oct 2021 16:34:30 GMT","1","1"
"2350220","0xba5fba9e705f76d30e620607d76d18d3dcf9b2ab","","Thu, 28 Oct 2021 16:39:00 GMT","1","1"
"2350222","0x0831a0ea52d5768248c61afc79280354c7c5e646","","Thu, 28 Oct 2021 16:39:40 GMT","1","2"
"2350247","0x864d69e84bcbf88dc63c0333501b1db5d3fdbf28","baraa.eth","Thu, 28 Oct 2021 16:47:00 GMT","1","5"
"2350254","0xf0549d13b142b37f0663e6b52ce54bd312a2edaa","","Thu, 28 Oct 2021 16:49:20 GMT","1","9"
"2350255","0x8b44116a3ee1bd399cbee2ae89c83e782a436874","","Thu, 28 Oct 2021 16:49:57 GMT","1","1"
"2350259","0x1ded3c31ec30a1c651c7d1eca0f7db3ad76d15ef","solanacoin.eth","Thu, 28 Oct 2021 16:51:25 GMT","1","118"
"2350261","0x7c7bcfcb4c7b2e6d69a2f1d99e4aede0886b6f44","","Thu, 28 Oct 2021 16:52:35 GMT","1","2"
"2350269","0x15a13de998735ab46d2d6bd5c73bee84bd57acff","","Thu, 28 Oct 2021 16:55:35 GMT","1","15"
"2350272","0x0aa0334eec0d29792a9ab862862d7d6133a3d0cd","","Thu, 28 Oct 2021 16:56:50 GMT","1","1"
"2350312","0xe7e84204b7e180454e5c40d0e04d346214a83f85","harper.eth","Thu, 28 Oct 2021 17:12:20 GMT","1","4"
"2350333","0x3bdcd88a9639f85818ed5a35e2abf6292d9b0377","","Thu, 28 Oct 2021 17:24:47 GMT","1","15"
"2350542","0xb944d9e0f8a551634fa2c85be590946b4165ee1e","","Thu, 28 Oct 2021 18:06:30 GMT","1","1"
"2350727","0x5ba397662e0dc4569199de084c340cd15b151716","","Thu, 28 Oct 2021 18:16:25 GMT","1","2"
"2351040","0x339dd90e14ec35d2f74ffea7495c2fb0150af2ba","0xmiracle.eth","Thu, 28 Oct 2021 18:32:15 GMT","1","32"
"2351215","0x81b066033d5b35d9c082d8f6fdb2f8e8f81be872","","Thu, 28 Oct 2021 18:42:15 GMT","1","1"
"2352000","0xac4361f56c82ed59d533d45129f407015d84702a","ethosdev.eth","Thu, 28 Oct 2021 19:52:55 GMT","1","120"
"2352214","0x0f90ccdd535392f55ac6ad7d6cc77b57290d9e0f","","Thu, 28 Oct 2021 20:34:00 GMT","1","1"
"2352254","0x005b661b34cb13e4023a26048eb6440a9e1d611b","chtmorris.eth","Thu, 28 Oct 2021 20:47:05 GMT","1","3"
"2352339","0x07295d129f841f2854f9f298f137c2ffc5ccff34","","Thu, 28 Oct 2021 21:20:25 GMT","1","4"
"2352351","0xd9cd6da3bd89937eb506e88499c53ecdac95874e","","Thu, 28 Oct 2021 21:22:40 GMT","1","68"
"2352466","0x4ccc2acdd43811ce928cef7371fc95daf7418631","guide42.eth","Thu, 28 Oct 2021 21:52:50 GMT","1","111"
"2352487","0x954a86c613fd1fbac9c7a43a071a68254c75e4ac","","Thu, 28 Oct 2021 21:56:45 GMT","1","4"
"2352601","0xd72dfebf190aad3b46936c9815ca849d59a81049","","Thu, 28 Oct 2021 22:08:35 GMT","1","78"
"2352607","0x1bcefd84d0327060bf76074de4534d05c7684334","","Thu, 28 Oct 2021 22:09:50 GMT","1","2"
"2352611","0x1cbe86f18a64b4d31ce661ee6285b626113c3ce4","kyrers.eth","Thu, 28 Oct 2021 22:10:50 GMT","1","2"